"asset_id","target_png_path","prompt_file_path","folder","category","purpose","used_by","required_states","prompt","negative_prompt","size","transparency","unity_note"
"player_body_idle","Assets/Generated/characters/player/player_body_idle.png","Assets/Generated/characters/player/player_body_idle.prompt.txt","Assets/Generated/characters/player","Characters - Player","Default hero body, readable top-down/three-quarter silhouette.","Player gameplay prefab, SpriteRenderer.","idle","hooded broken-faith pilgrim hero with compact body and oversized wax-white mask, stylized dark cartoon with grotesque religious-casino motifs, charcoal old gold wax white crimson void violet palette, dark whimsical cult roguelite mood, 512x512 source PNG sprite readable at 64x64 with bold charcoal outline and centered silhouette, game asset, transparent background, no text, clean edges","photorealistic, 3D render, blurry, text, watermark, extra limbs, deformed, low quality, noisy background","512x512","Yes","Import as SpriteRenderer sprite, 128 PPU, pivot center-bottom."
"player_body_hit","Assets/Generated/characters/player/player_body_hit.png","Assets/Generated/characters/player/player_body_hit.prompt.txt","Assets/Generated/characters/player","Characters - Player","Player hit feedback state.","Player damage feedback, SpriteRenderer.","hit","hooded broken-faith pilgrim hero recoiling with crimson crack glow and wax-white mask intact, stylized dark cartoon with grotesque religious-casino motifs, charcoal old gold wax white crimson void violet palette, dark whimsical cult roguelite mood, 512x512 source PNG sprite readable at 64x64 with bold charcoal outline and centered silhouette, game asset, transparent background, no text, clean edges","photorealistic, 3D render, blurry, text, watermark, extra limbs, deformed, low quality, noisy background","512x512","Yes","Same bounds as idle to avoid visual popping."
"player_body_death","Assets/Generated/characters/player/player_body_death.png","Assets/Generated/characters/player/player_body_death.prompt.txt","Assets/Generated/characters/player","Characters - Player","Player defeat/death visual.","Player death state, GameOver transition.","death","collapsed hooded pilgrim hero shell with broken halo chip and extinguished candle shape, stylized dark cartoon with grotesque religious-casino motifs, charcoal old gold wax white crimson void violet palette, dark whimsical cult roguelite mood, 512x512 source PNG sprite readable at 64x64 with bold charcoal outline and centered silhouette, game asset, transparent background, no text, clean edges","photorealistic, 3D render, blurry, text, watermark, extra limbs, deformed, low quality, noisy background","512x512","Yes","Keep silhouette simple; no gore detail needed."
"player_empty_shell_idle","Assets/Generated/characters/player/player_empty_shell_idle.png","Assets/Generated/characters/player/player_empty_shell_idle.prompt.txt","Assets/Generated/characters/player","Characters - Player","Empty hero shell left in arena while possession is active.","Possession system, Player shell prefab.","idle","hollow abandoned pilgrim body shell with dim wax-white face and old-gold seal crack, stylized dark cartoon with grotesque religious-casino motifs, charcoal old gold wax white crimson void violet palette, dark whimsical cult roguelite mood, 512x512 source PNG sprite readable at 64x64 with bold charcoal outline and centered silhouette, game asset, transparent background, no text, clean edges","photorealistic, 3D render, blurry, text, watermark, extra limbs, deformed, low quality, noisy background","512x512","Yes","SpriteRenderer; must remain distinct from dead body."
"player_possessed_overlay_active","Assets/Generated/characters/player/player_possessed_overlay_active.png","Assets/Generated/characters/player/player_possessed_overlay_active.prompt.txt","Assets/Generated/characters/player","Characters - Player","Overlay showing player is controlling a vessel.","Possession prefab, SpriteRenderer overlay.","active","floating void-violet halo flame overlay shaped like cracked casino seal around a controlled body, stylized dark cartoon with grotesque religious-casino motifs, charcoal old gold wax white crimson void violet palette, dark whimsical cult roguelite mood, 512x512 source PNG sprite readable at 64x64 with bold charcoal outline and centered silhouette, game asset, transparent background, no text, clean edges","photorealistic, 3D render, blurry, text, watermark, extra limbs, deformed, low quality, noisy background","512x512","Yes","Additive/overlay candidate; no baked enemy body."
"enemy_weak_cultist_idle","Assets/Generated/characters/enemies/enemy_weak_cultist_idle.png","Assets/Generated/characters/enemies/enemy_weak_cultist_idle.prompt.txt","Assets/Generated/characters/enemies","Characters - Enemies","Weak cultist enemy base.","Enemy prefab, Wave Director.","idle","scrawny candle-carrying cultist with crooked robe and coin-like halo, stylized dark cartoon with grotesque religious-casino motifs, charcoal old gold wax white crimson void violet palette, dark whimsical cult roguelite mood, 512x512 source PNG sprite readable at 64x64 with bold charcoal outline and centered silhouette, game asset, transparent background, no text, clean edges","photorealistic, 3D render, blurry, text, watermark, extra limbs, deformed, low quality, noisy background","512x512","Yes","SpriteRenderer; leave outer silhouette clear for marker ring."
"enemy_weak_cultist_hit","Assets/Generated/characters/enemies/enemy_weak_cultist_hit.png","Assets/Generated/characters/enemies/enemy_weak_cultist_hit.prompt.txt","Assets/Generated/characters/enemies","Characters - Enemies","Weak cultist hit state.","Enemy damage feedback.","hit","scrawny candle cultist flinching with wax splash and crimson impact crack, stylized dark cartoon with grotesque religious-casino motifs, charcoal old gold wax white crimson void violet palette, dark whimsical cult roguelite mood, 512x512 source PNG sprite readable at 64x64 with bold charcoal outline and centered silhouette, game asset, transparent background, no text, clean edges","photorealistic, 3D render, blurry, text, watermark, extra limbs, deformed, low quality, noisy background","512x512","Yes","Same footprint as idle."
"enemy_weak_cultist_death","Assets/Generated/characters/enemies/enemy_weak_cultist_death.png","Assets/Generated/characters/enemies/enemy_weak_cultist_death.prompt.txt","Assets/Generated/characters/enemies","Characters - Enemies","Weak cultist death state or last frame.","Enemy death feedback.","death","scrawny cultist dissolving into wax smoke and old-gold chips with body still recognizable, stylized dark cartoon with grotesque religious-casino motifs, charcoal old gold wax white crimson void violet palette, dark whimsical cult roguelite mood, 512x512 source PNG sprite readable at 64x64 with bold charcoal outline and centered silhouette, game asset, transparent background, no text, clean edges","photorealistic, 3D render, blurry, text, watermark, extra limbs, deformed, low quality, noisy background","512x512","Yes","Can be swapped before death puff VFX."
"enemy_fast_fanatic_idle","Assets/Generated/characters/enemies/enemy_fast_fanatic_idle.png","Assets/Generated/characters/enemies/enemy_fast_fanatic_idle.prompt.txt","Assets/Generated/characters/enemies","Characters - Enemies","Fast fanatic enemy base.","Enemy prefab, Wave Director.","idle","lanky sprinting fanatic with sharp triangular hood and casino-token kneepads, stylized dark cartoon with grotesque religious-casino motifs, charcoal old gold wax white crimson void violet palette, dark whimsical cult roguelite mood, 512x512 source PNG sprite readable at 64x64 with bold charcoal outline and centered silhouette, game asset, transparent background, no text, clean edges","photorealistic, 3D render, blurry, text, watermark, extra limbs, deformed, low quality, noisy background","512x512","Yes","Silhouette must differ from weak cultist in greyscale."
"enemy_fast_fanatic_hit","Assets/Generated/characters/enemies/enemy_fast_fanatic_hit.png","Assets/Generated/characters/enemies/enemy_fast_fanatic_hit.prompt.txt","Assets/Generated/characters/enemies","Characters - Enemies","Fast fanatic hit state.","Enemy damage feedback.","hit","lanky sprinting fanatic staggering sideways with broken old-gold token shards, stylized dark cartoon with grotesque religious-casino motifs, charcoal old gold wax white crimson void violet palette, dark whimsical cult roguelite mood, 512x512 source PNG sprite readable at 64x64 with bold charcoal outline and centered silhouette, game asset, transparent background, no text, clean edges","photorealistic, 3D render, blurry, text, watermark, extra limbs, deformed, low quality, noisy background","512x512","Yes","Same bounds as idle."
"enemy_fast_fanatic_death","Assets/Generated/characters/enemies/enemy_fast_fanatic_death.png","Assets/Generated/characters/enemies/enemy_fast_fanatic_death.prompt.txt","Assets/Generated/characters/enemies","Characters - Enemies","Fast fanatic death state or last frame.","Enemy death feedback.","death","lanky fanatic collapsing into a streak of wax smoke and cracked crimson ribbon shapes, stylized dark cartoon with grotesque religious-casino motifs, charcoal old gold wax white crimson void violet palette, dark whimsical cult roguelite mood, 512x512 source PNG sprite readable at 64x64 with bold charcoal outline and centered silhouette, game asset, transparent background, no text, clean edges","photorealistic, 3D render, blurry, text, watermark, extra limbs, deformed, low quality, noisy background","512x512","Yes","Can be paired with death puff VFX."
"enemy_preacher_idle","Assets/Generated/characters/enemies/enemy_preacher_idle.png","Assets/Generated/characters/enemies/enemy_preacher_idle.prompt.txt","Assets/Generated/characters/enemies","Characters - Enemies","Ranged preacher enemy base.","Enemy prefab, Wave Director.","idle","squat preacher cultist with megaphone-shaped reliquary and blank prayer-ticket fan, stylized dark cartoon with grotesque religious-casino motifs, charcoal old gold wax white crimson void violet palette, dark whimsical cult roguelite mood, 512x512 source PNG sprite readable at 64x64 with bold charcoal outline and centered silhouette, game asset, transparent background, no text, clean edges","photorealistic, 3D render, blurry, text, watermark, extra limbs, deformed, low quality, noisy background","512x512","Yes","Keep blank papers free of letters or numbers."
"enemy_preacher_hit","Assets/Generated/characters/enemies/enemy_preacher_hit.png","Assets/Generated/characters/enemies/enemy_preacher_hit.prompt.txt","Assets/Generated/characters/enemies","Characters - Enemies","Preacher hit state.","Enemy damage feedback.","hit","squat preacher cultist knocked back with blank ticket fan scattering and crimson shock shape, stylized dark cartoon with grotesque religious-casino motifs, charcoal old gold wax white crimson void violet palette, dark whimsical cult roguelite mood, 512x512 source PNG sprite readable at 64x64 with bold charcoal outline and centered silhouette, game asset, transparent background, no text, clean edges","photorealistic, 3D render, blurry, text, watermark, extra limbs, deformed, low quality, noisy background","512x512","Yes","Same footprint as idle."
"enemy_preacher_death","Assets/Generated/characters/enemies/enemy_preacher_death.png","Assets/Generated/characters/enemies/enemy_preacher_death.prompt.txt","Assets/Generated/characters/enemies","Characters - Enemies","Preacher death state or last frame.","Enemy death feedback.","death","squat preacher cultist crumpling into void-violet sermon smoke and blank ticket scraps, stylized dark cartoon with grotesque religious-casino motifs, charcoal old gold wax white crimson void violet palette, dark whimsical cult roguelite mood, 512x512 source PNG sprite readable at 64x64 with bold charcoal outline and centered silhouette, game asset, transparent background, no text, clean edges","photorealistic, 3D render, blurry, text, watermark, extra limbs, deformed, low quality, noisy background","512x512","Yes","No readable ticket markings."
"boss_mother_couponella_idle","Assets/Generated/characters/boss/boss_mother_couponella_idle.png","Assets/Generated/characters/boss/boss_mother_couponella_idle.prompt.txt","Assets/Generated/characters/boss","Boss","Mother Couponella boss base sprite.","Boss prefab, SpriteRenderer.","idle","enormous matriarch coupon priestess with blank coupon veil, slot-machine torso, candle crown, and clawed blessing pose, stylized dark cartoon with grotesque religious-casino motifs, charcoal old gold wax white crimson void violet palette, dark whimsical cult roguelite mood, 1024x1024 source PNG sprite readable at 64x64 with bold charcoal outline and centered silhouette, game asset, transparent background, no text, clean edges","photorealistic, 3D render, blurry, text, watermark, extra limbs, deformed, low quality, noisy background","1024x1024","Yes","SpriteRenderer; pivot center-bottom; no readable coupon text."
"boss_mother_couponella_hit","Assets/Generated/characters/boss/boss_mother_couponella_hit.png","Assets/Generated/characters/boss/boss_mother_couponella_hit.prompt.txt","Assets/Generated/characters/boss","Boss","Mother Couponella hit feedback.","Boss damage feedback.","hit","enormous coupon priestess boss recoiling as blank coupon veil tears and old-gold coins scatter, stylized dark cartoon with grotesque religious-casino motifs, charcoal old gold wax white crimson void violet palette, dark whimsical cult roguelite mood, 1024x1024 source PNG sprite readable at 64x64 with bold charcoal outline and centered silhouette, game asset, transparent background, no text, clean edges","photorealistic, 3D render, blurry, text, watermark, extra limbs, deformed, low quality, noisy background","1024x1024","Yes","Match idle bounds as closely as possible."
"boss_mother_couponella_death","Assets/Generated/characters/boss/boss_mother_couponella_death.png","Assets/Generated/characters/boss/boss_mother_couponella_death.prompt.txt","Assets/Generated/characters/boss","Boss","Mother Couponella defeat sprite.","Boss defeat transition, victory flow.","death","enormous coupon priestess boss collapsing into broken slot-machine reliquary with extinguished candle crown, stylized dark cartoon with grotesque religious-casino motifs, charcoal old gold wax white crimson void violet palette, dark whimsical cult roguelite mood, 1024x1024 source PNG sprite readable at 64x64 with bold charcoal outline and centered silhouette, game asset, transparent background, no text, clean edges","photorealistic, 3D render, blurry, text, watermark, extra limbs, deformed, low quality, noisy background","1024x1024","Yes","Avoid gore; keep large readable silhouette."
"boss_attack_warning_marker_ready","Assets/Generated/characters/boss/boss_attack_warning_marker_ready.png","Assets/Generated/characters/boss/boss_attack_warning_marker_ready.prompt.txt","Assets/Generated/characters/boss","Boss","Floor warning marker for boss AOE/tape attack.","Boss attack telegraph prefab.","ready","circular crimson and old-gold warning sigil shaped like blank coupon tape spiral with broken halo edge, stylized dark cartoon with grotesque religious-casino motifs, charcoal old gold wax white crimson void violet palette, dark whimsical cult roguelite mood, 512x512 source PNG sprite readable at 64x64 with bold charcoal outline and centered silhouette, game asset, transparent background, no text, clean edges","photorealistic, 3D render, blurry, text, watermark, extra limbs, deformed, low quality, noisy background","512x512","Yes","SpriteRenderer or UI world-space image; transparent center acceptable."
"ui_hp_frame_idle","Assets/Generated/ui/hud/ui_hp_frame_idle.png","Assets/Generated/ui/hud/ui_hp_frame_idle.prompt.txt","Assets/Generated/ui/hud","Combat UI / HUD","HP bar frame.","HUD prefab, Unity UI Image.","idle","horizontal cracked reliquary health bar frame with old-gold corners and wax-white bone inlay, stylized dark cartoon with grotesque religious-casino motifs, charcoal old gold wax white crimson void violet palette, dark whimsical cult roguelite mood, 1024x512 source PNG UI sprite readable at 64x64 with bold charcoal outline and centered silhouette, game asset, transparent background, no text, clean edges","photorealistic, 3D render, blurry, text, watermark, extra limbs, deformed, low quality, noisy background","1024x512","Yes","Use as sliced UI Image; no numbers or labels."
"ui_hp_fill_active","Assets/Generated/ui/hud/ui_hp_fill_active.png","Assets/Generated/ui/hud/ui_hp_fill_active.prompt.txt","Assets/Generated/ui/hud","Combat UI / HUD","HP fill art.","HUD fill Image.","active","crimson liquid wax health bar fill with subtle old-gold flecks and clean rectangular silhouette, stylized dark cartoon with grotesque religious-casino motifs, charcoal old gold wax white crimson void violet palette, dark whimsical cult roguelite mood, 1024x512 source PNG UI sprite readable at 64x64 with bold charcoal outline and centered silhouette, game asset, transparent background, no text, clean edges","photorealistic, 3D render, blurry, text, watermark, extra limbs, deformed, low quality, noisy background","1024x512","Yes","Use as filled UI Image; avoid gradients that vanish on mobile."
"ui_possession_charge_frame_idle","Assets/Generated/ui/hud/ui_possession_charge_frame_idle.png","Assets/Generated/ui/hud/ui_possession_charge_frame_idle.prompt.txt","Assets/Generated/ui/hud","Combat UI / HUD","Possession charge bar frame.","HUD prefab, Unity UI Image.","idle","horizontal cracked halo charge frame with void-violet inner groove and old-gold casino corners, stylized dark cartoon with grotesque religious-casino motifs, charcoal old gold wax white crimson void violet palette, dark whimsical cult roguelite mood, 1024x512 source PNG UI sprite readable at 64x64 with bold charcoal outline and centered silhouette, game asset, transparent background, no text, clean edges","photorealistic, 3D render, blurry, text, watermark, extra limbs, deformed, low quality, noisy background","1024x512","Yes","Sliced UI Image; no possession button behavior."
"ui_possession_charge_fill_active","Assets/Generated/ui/hud/ui_possession_charge_fill_active.png","Assets/Generated/ui/hud/ui_possession_charge_fill_active.prompt.txt","Assets/Generated/ui/hud","Combat UI / HUD","Possession charge fill.","HUD fill Image.","active","void-violet spirit wax charge fill with old-gold sparks and clean horizontal silhouette, stylized dark cartoon with grotesque religious-casino motifs, charcoal old gold wax white crimson void violet palette, dark whimsical cult roguelite mood, 1024x512 source PNG UI sprite readable at 64x64 with bold charcoal outline and centered silhouette, game asset, transparent background, no text, clean edges","photorealistic, 3D render, blurry, text, watermark, extra limbs, deformed, low quality, noisy background","1024x512","Yes","Filled Image; use color/alpha animation in Unity."
"ui_token_icon_idle","Assets/Generated/ui/hud/ui_token_icon_idle.png","Assets/Generated/ui/hud/ui_token_icon_idle.prompt.txt","Assets/Generated/ui/hud","Combat UI / HUD","Token currency icon.","HUD, reward UI.","idle","old-gold casino token with cracked halo symbol and no letters or numbers, stylized dark cartoon with grotesque religious-casino motifs, charcoal old gold wax white crimson void violet palette, dark whimsical cult roguelite mood, 512x512 source PNG icon readable at 64x64 with bold charcoal outline and centered silhouette, game asset, transparent background, no text, clean edges","photorealistic, 3D render, blurry, text, watermark, extra limbs, deformed, low quality, noisy background","512x512","Yes","UI Image; text count added in Unity UI."
"ui_room_progress_frame_idle","Assets/Generated/ui/hud/ui_room_progress_frame_idle.png","Assets/Generated/ui/hud/ui_room_progress_frame_idle.prompt.txt","Assets/Generated/ui/hud","Combat UI / HUD","Room progress frame.","HUD progress display.","idle","compact five-notch reliquary progress frame with blank sockets and old-gold cracked trim, stylized dark cartoon with grotesque religious-casino motifs, charcoal old gold wax white crimson void violet palette, dark whimsical cult roguelite mood, 1024x512 source PNG UI sprite readable at 64x64 with bold charcoal outline and centered silhouette, game asset, transparent background, no text, clean edges","photorealistic, 3D render, blurry, text, watermark, extra limbs, deformed, low quality, noisy background","1024x512","Yes","Coder can place icons/filled states; no room numbers baked in."
"ui_room_progress_icon_active","Assets/Generated/ui/hud/ui_room_progress_icon_active.png","Assets/Generated/ui/hud/ui_room_progress_icon_active.prompt.txt","Assets/Generated/ui/hud","Combat UI / HUD","Active/cleared room progress token.","HUD progress display.","active","small old-gold cracked chapel-token marker with crimson inner glow and no number, stylized dark cartoon with grotesque religious-casino motifs, charcoal old gold wax white crimson void violet palette, dark whimsical cult roguelite mood, 512x512 source PNG icon readable at 64x64 with bold charcoal outline and centered silhouette, game asset, transparent background, no text, clean edges","photorealistic, 3D render, blurry, text, watermark, extra limbs, deformed, low quality, noisy background","512x512","Yes","UI Image repeated by code for progress slots."
"ui_auto_attack_indicator_active","Assets/Generated/ui/hud/ui_auto_attack_indicator_active.png","Assets/Generated/ui/hud/ui_auto_attack_indicator_active.prompt.txt","Assets/Generated/ui/hud","Combat UI / HUD","Optional indicator that auto-attack is active.","HUD, Player combat feedback.","active","small targeting halo icon with old-gold reticle and wax-white spark, stylized dark cartoon with grotesque religious-casino motifs, charcoal old gold wax white crimson void violet palette, dark whimsical cult roguelite mood, 512x512 source PNG icon readable at 64x64 with bold charcoal outline and centered silhouette, game asset, transparent background, no text, clean edges","photorealistic, 3D render, blurry, text, watermark, extra limbs, deformed, low quality, noisy background","512x512","Yes","UI Image only; not a button."
"ui_auto_attack_indicator_disabled","Assets/Generated/ui/hud/ui_auto_attack_indicator_disabled.png","Assets/Generated/ui/hud/ui_auto_attack_indicator_disabled.prompt.txt","Assets/Generated/ui/hud","Combat UI / HUD","Optional inactive auto-attack indicator.","HUD, Player combat feedback.","disabled","dim broken targeting halo icon with charcoal fill and faint wax-white spark, stylized dark cartoon with grotesque religious-casino motifs, charcoal old gold wax white crimson void violet palette, dark whimsical cult roguelite mood, 512x512 source PNG icon readable at 64x64 with bold charcoal outline and centered silhouette, game asset, transparent background, no text, clean edges","photorealistic, 3D render, blurry, text, watermark, extra limbs, deformed, low quality, noisy background","512x512","Yes","UI Image only; no manual attack button."
"ui_joystick_base_idle","Assets/Generated/ui/controls/ui_joystick_base_idle.png","Assets/Generated/ui/controls/ui_joystick_base_idle.prompt.txt","Assets/Generated/ui/controls","Touch Controls","Floating joystick base at rest.","Input UI prefab.","idle","translucent circular old-gold and charcoal joystick base shaped like cracked chapel window with blank center, stylized dark cartoon with grotesque religious-casino motifs, charcoal old gold wax white crimson void violet palette, dark whimsical cult roguelite mood, 512x512 source PNG UI sprite readable at 64x64 with bold charcoal outline and centered silhouette, game asset, transparent background, no text, clean edges","photorealistic, 3D render, blurry, text, watermark, extra limbs, deformed, low quality, noisy background","512x512","Yes","UI Image under touch area; no labels."
"ui_joystick_base_active","Assets/Generated/ui/controls/ui_joystick_base_active.png","Assets/Generated/ui/controls/ui_joystick_base_active.prompt.txt","Assets/Generated/ui/controls","Touch Controls","Floating joystick base while touched.","Input UI prefab.","active","glowing circular old-gold and void-violet joystick base shaped like cracked chapel window with blank center, stylized dark cartoon with grotesque religious-casino motifs, charcoal old gold wax white crimson void violet palette, dark whimsical cult roguelite mood, 512x512 source PNG UI sprite readable at 64x64 with bold charcoal outline and centered silhouette, game asset, transparent background, no text, clean edges","photorealistic, 3D render, blurry, text, watermark, extra limbs, deformed, low quality, noisy background","512x512","Yes","UI Image; Coder changes alpha/position by touch."
"ui_joystick_knob_idle","Assets/Generated/ui/controls/ui_joystick_knob_idle.png","Assets/Generated/ui/controls/ui_joystick_knob_idle.prompt.txt","Assets/Generated/ui/controls","Touch Controls","Floating joystick knob at rest.","Input UI prefab.","idle","small old-gold casino token joystick knob with cracked halo emblem and no letters, stylized dark cartoon with grotesque religious-casino motifs, charcoal old gold wax white crimson void violet palette, dark whimsical cult roguelite mood, 512x512 source PNG UI sprite readable at 64x64 with bold charcoal outline and centered silhouette, game asset, transparent background, no text, clean edges","photorealistic, 3D render, blurry, text, watermark, extra limbs, deformed, low quality, noisy background","512x512","Yes","UI Image; no text or numbers."
"ui_joystick_knob_active","Assets/Generated/ui/controls/ui_joystick_knob_active.png","Assets/Generated/ui/controls/ui_joystick_knob_active.prompt.txt","Assets/Generated/ui/controls","Touch Controls","Floating joystick knob while dragged.","Input UI prefab.","active","small glowing void-violet casino token joystick knob with old-gold cracked halo emblem and no letters, stylized dark cartoon with grotesque religious-casino motifs, charcoal old gold wax white crimson void violet palette, dark whimsical cult roguelite mood, 512x512 source PNG UI sprite readable at 64x64 with bold charcoal outline and centered silhouette, game asset, transparent background, no text, clean edges","photorealistic, 3D render, blurry, text, watermark, extra limbs, deformed, low quality, noisy background","512x512","Yes","UI Image; no dash or action affordance."
"possession_marked_vessel_ring_ready","Assets/Generated/possession/possession_marked_vessel_ring_ready.png","Assets/Generated/possession/possession_marked_vessel_ring_ready.prompt.txt","Assets/Generated/possession","Possession","Ring showing valid marked vessel.","Possession system, enemy overlay.","ready","circular old-gold cracked halo ring with void-violet inner flame and open center for enemy body, stylized dark cartoon with grotesque religious-casino motifs, charcoal old gold wax white crimson void violet palette, dark whimsical cult roguelite mood, 512x512 source PNG sprite readable at 64x64 with bold charcoal outline and centered silhouette, game asset, transparent background, no text, clean edges","photorealistic, 3D render, blurry, text, watermark, extra limbs, deformed, low quality, noisy background","512x512","Yes","Overlay SpriteRenderer; center must be transparent."
"possession_ready_marker_ready","Assets/Generated/possession/possession_ready_marker_ready.png","Assets/Generated/possession/possession_ready_marker_ready.prompt.txt","Assets/Generated/possession","Possession","Marker that possession charge/proximity is ready.","Possession feedback, HUD/world marker.","ready","floating void-violet eye halo with old-gold spark and compact readable silhouette, stylized dark cartoon with grotesque religious-casino motifs, charcoal old gold wax white crimson void violet palette, dark whimsical cult roguelite mood, 512x512 source PNG sprite readable at 64x64 with bold charcoal outline and centered silhouette, game asset, transparent background, no text, clean edges","photorealistic, 3D render, blurry, text, watermark, extra limbs, deformed, low quality, noisy background","512x512","Yes","Not a button; use as feedback above/around vessel."
"possession_active_overlay_active","Assets/Generated/possession/possession_active_overlay_active.png","Assets/Generated/possession/possession_active_overlay_active.prompt.txt","Assets/Generated/possession","Possession","Active possession aura over controlled vessel.","Possession prefab, controlled enemy overlay.","active","jagged void-violet spirit aura wrapped by old-gold broken halo fragments with transparent center, stylized dark cartoon with grotesque religious-casino motifs, charcoal old gold wax white crimson void violet palette, dark whimsical cult roguelite mood, 512x512 source PNG sprite readable at 64x64 with bold charcoal outline and centered silhouette, game asset, transparent background, no text, clean edges","photorealistic, 3D render, blurry, text, watermark, extra limbs, deformed, low quality, noisy background","512x512","Yes","Overlay SpriteRenderer; can pulse via script."
"possession_exit_marker_active","Assets/Generated/possession/possession_exit_marker_active.png","Assets/Generated/possession/possession_exit_marker_active.prompt.txt","Assets/Generated/possession","Possession","Non-damaging default possession exit marker.","Possession exit feedback.","active","quiet fading wax-white spirit wisp with small broken halo fragments and no blast shape, stylized dark cartoon with grotesque religious-casino motifs, charcoal old gold wax white crimson void violet palette, dark whimsical cult roguelite mood, 512x512 source PNG sprite readable at 64x64 with bold charcoal outline and centered silhouette, game asset, transparent background, no text, clean edges","photorealistic, 3D render, blurry, text, watermark, extra limbs, deformed, low quality, noisy background","512x512","Yes","Must not be used as explosion or damage indicator."
"slot_machine_body_idle","Assets/Generated/slot_machine/body/slot_machine_body_idle.png","Assets/Generated/slot_machine/body/slot_machine_body_idle.prompt.txt","Assets/Generated/slot_machine/body","Slot Machine / Rewards","Sacred demonic slot machine body at rest.","Slot machine presentation prefab.","idle","grotesque sacred casino slot machine altar with candle horns, blank display panels, old-gold sealed side shrine ornaments, and wax-drip side columns, stylized dark cartoon with grotesque religious-casino motifs, charcoal old gold wax white crimson void violet palette, dark whimsical cult roguelite mood, 1024x1024 source PNG sprite readable at 64x64 with bold charcoal outline and centered silhouette, game asset, transparent background, no text, clean edges","photorealistic, 3D render, blurry, text, watermark, extra limbs, deformed, low quality, noisy background","1024x1024","Yes","SpriteRenderer or UI Image; no readable labels; passive auto-roll presentation only."
"slot_machine_body_active","Assets/Generated/slot_machine/body/slot_machine_body_active.png","Assets/Generated/slot_machine/body/slot_machine_body_active.prompt.txt","Assets/Generated/slot_machine/body","Slot Machine / Rewards","Slot machine during automatic post-combat roll.","Slot auto-roll presentation.","active","glowing grotesque sacred casino slot machine altar with void-violet reels and blank display panels, stylized dark cartoon with grotesque religious-casino motifs, charcoal old gold wax white crimson void violet palette, dark whimsical cult roguelite mood, 1024x1024 source PNG sprite readable at 64x64 with bold charcoal outline and centered silhouette, game asset, transparent background, no text, clean edges","photorealistic, 3D render, blurry, text, watermark, extra limbs, deformed, low quality, noisy background","1024x1024","Yes","State swap during auto-roll; no manual interaction prompt."
"slot_reel_panel_idle","Assets/Generated/slot_machine/body/slot_reel_panel_idle.png","Assets/Generated/slot_machine/body/slot_reel_panel_idle.prompt.txt","Assets/Generated/slot_machine/body","Slot Machine / Rewards","Reusable reel panel frame.","Slot auto-roll UI.","idle","three-window slot reel panel with blank dark windows, old-gold cracked frame, and wax-white accents, stylized dark cartoon with grotesque religious-casino motifs, charcoal old gold wax white crimson void violet palette, dark whimsical cult roguelite mood, 1024x512 source PNG UI sprite readable at 64x64 with bold charcoal outline and centered silhouette, game asset, transparent background, no text, clean edges","photorealistic, 3D render, blurry, text, watermark, extra limbs, deformed, low quality, noisy background","1024x512","Yes","UI Image; symbols layered separately."
"slot_symbol_token_idle","Assets/Generated/slot_machine/symbols/slot_symbol_token_idle.png","Assets/Generated/slot_machine/symbols/slot_symbol_token_idle.prompt.txt","Assets/Generated/slot_machine/symbols","Slot Machine / Rewards","Reel token symbol.","Slot reel animation.","idle","old-gold cracked casino token symbol with halo notch and no letters or numbers, stylized dark cartoon with grotesque religious-casino motifs, charcoal old gold wax white crimson void violet palette, dark whimsical cult roguelite mood, 512x512 source PNG icon readable at 64x64 with bold charcoal outline and centered silhouette, game asset, transparent background, no text, clean edges","photorealistic, 3D render, blurry, text, watermark, extra limbs, deformed, low quality, noisy background","512x512","Yes","UI Image/SpriteRenderer; no currency amount."
"slot_symbol_candle_idle","Assets/Generated/slot_machine/symbols/slot_symbol_candle_idle.png","Assets/Generated/slot_machine/symbols/slot_symbol_candle_idle.prompt.txt","Assets/Generated/slot_machine/symbols","Slot Machine / Rewards","Reel candle symbol.","Slot reel animation.","idle","wax-white bent candle symbol with crimson flame and old-gold base, stylized dark cartoon with grotesque religious-casino motifs, charcoal old gold wax white crimson void violet palette, dark whimsical cult roguelite mood, 512x512 source PNG icon readable at 64x64 with bold charcoal outline and centered silhouette, game asset, transparent background, no text, clean edges","photorealistic, 3D render, blurry, text, watermark, extra limbs, deformed, low quality, noisy background","512x512","Yes","UI Image/SpriteRenderer."
"slot_symbol_seal_idle","Assets/Generated/slot_machine/symbols/slot_symbol_seal_idle.png","Assets/Generated/slot_machine/symbols/slot_symbol_seal_idle.prompt.txt","Assets/Generated/slot_machine/symbols","Slot Machine / Rewards","Reel seal symbol.","Slot reel animation.","idle","broken sacred seal symbol shaped like cracked wax stamp and roulette chip with no letters, stylized dark cartoon with grotesque religious-casino motifs, charcoal old gold wax white crimson void violet palette, dark whimsical cult roguelite mood, 512x512 source PNG icon readable at 64x64 with bold charcoal outline and centered silhouette, game asset, transparent background, no text, clean edges","photorealistic, 3D render, blurry, text, watermark, extra limbs, deformed, low quality, noisy background","512x512","Yes","UI Image/SpriteRenderer."
"slot_symbol_eye_idle","Assets/Generated/slot_machine/symbols/slot_symbol_eye_idle.png","Assets/Generated/slot_machine/symbols/slot_symbol_eye_idle.prompt.txt","Assets/Generated/slot_machine/symbols","Slot Machine / Rewards","Reel eye symbol.","Slot reel animation.","idle","void-violet sacred eye symbol inside old-gold casino chip rim with no letters, stylized dark cartoon with grotesque religious-casino motifs, charcoal old gold wax white crimson void violet palette, dark whimsical cult roguelite mood, 512x512 source PNG icon readable at 64x64 with bold charcoal outline and centered silhouette, game asset, transparent background, no text, clean edges","photorealistic, 3D render, blurry, text, watermark, extra limbs, deformed, low quality, noisy background","512x512","Yes","UI Image/SpriteRenderer."
"ui_reward_card_frame_idle","Assets/Generated/ui/rewards/ui_reward_card_frame_idle.png","Assets/Generated/ui/rewards/ui_reward_card_frame_idle.prompt.txt","Assets/Generated/ui/rewards","Slot Machine / Rewards","Standard reward card frame.","Reward choice UI.","idle","vertical reward card frame with old-gold chapel arch corners, charcoal interior, and blank wax-white text area space, stylized dark cartoon with grotesque religious-casino motifs, charcoal old gold wax white crimson void violet palette, dark whimsical cult roguelite mood, 768x1024 source PNG UI sprite readable at 64x64 with bold charcoal outline and centered silhouette, game asset, transparent background, no text, clean edges","photorealistic, 3D render, blurry, text, watermark, extra limbs, deformed, low quality, noisy background","768x1024","Yes","UI Image; text and icon placed by Unity UI."
"ui_reward_card_frame_selected","Assets/Generated/ui/rewards/ui_reward_card_frame_selected.png","Assets/Generated/ui/rewards/ui_reward_card_frame_selected.prompt.txt","Assets/Generated/ui/rewards","Slot Machine / Rewards","Selected reward card frame.","Reward choice UI.","selected","vertical reward card frame glowing old-gold with void-violet chapel arch corners and blank interior, stylized dark cartoon with grotesque religious-casino motifs, charcoal old gold wax white crimson void violet palette, dark whimsical cult roguelite mood, 768x1024 source PNG UI sprite readable at 64x64 with bold charcoal outline and centered silhouette, game asset, transparent background, no text, clean edges","photorealistic, 3D render, blurry, text, watermark, extra limbs, deformed, low quality, noisy background","768x1024","Yes","UI Image state; no baked selection label."
"ui_reward_card_frame_disabled","Assets/Generated/ui/rewards/ui_reward_card_frame_disabled.png","Assets/Generated/ui/rewards/ui_reward_card_frame_disabled.prompt.txt","Assets/Generated/ui/rewards","Slot Machine / Rewards","Disabled/unavailable reward card frame.","Reward choice UI.","disabled","dim vertical reward card frame with cracked charcoal chapel arch and faded wax-white interior, stylized dark cartoon with grotesque religious-casino motifs, charcoal old gold wax white crimson void violet palette, dark whimsical cult roguelite mood, 768x1024 source PNG UI sprite readable at 64x64 with bold charcoal outline and centered silhouette, game asset, transparent background, no text, clean edges","photorealistic, 3D render, blurry, text, watermark, extra limbs, deformed, low quality, noisy background","768x1024","Yes","UI Image state; use for disabled card presentation only."
"ui_reroll_icon_ready","Assets/Generated/ui/rewards/ui_reroll_icon_ready.png","Assets/Generated/ui/rewards/ui_reroll_icon_ready.prompt.txt","Assets/Generated/ui/rewards","Slot Machine / Rewards","Reroll visual icon/button art.","Reward UI reroll control.","ready","circular old-gold reroll arrow icon made of broken halo fragments around a casino token, stylized dark cartoon with grotesque religious-casino motifs, charcoal old gold wax white crimson void violet palette, dark whimsical cult roguelite mood, 512x512 source PNG icon readable at 64x64 with bold charcoal outline and centered silhouette, game asset, transparent background, no text, clean edges","photorealistic, 3D render, blurry, text, watermark, extra limbs, deformed, low quality, noisy background","512x512","Yes","UI Button Image; no text count baked in."
"ui_reroll_icon_disabled","Assets/Generated/ui/rewards/ui_reroll_icon_disabled.png","Assets/Generated/ui/rewards/ui_reroll_icon_disabled.prompt.txt","Assets/Generated/ui/rewards","Slot Machine / Rewards","Disabled reroll visual.","Reward UI reroll control.","disabled","dim circular reroll arrow icon made of cracked charcoal halo fragments with faint wax-white edge, stylized dark cartoon with grotesque religious-casino motifs, charcoal old gold wax white crimson void violet palette, dark whimsical cult roguelite mood, 512x512 source PNG icon readable at 64x64 with bold charcoal outline and centered silhouette, game asset, transparent background, no text, clean edges","photorealistic, 3D render, blurry, text, watermark, extra limbs, deformed, low quality, noisy background","512x512","Yes","UI Button disabled Image; reroll count in Unity text."
"reward_icon_standard_01","Assets/Generated/ui/rewards/reward_icon_standard_01.png","Assets/Generated/ui/rewards/reward_icon_standard_01.prompt.txt","Assets/Generated/ui/rewards","Slot Machine / Rewards","Standard reward icon placeholder 01.","Reward cards.","none","old-gold crooked candle blessing icon with wax-white flame and no letters, stylized dark cartoon with grotesque religious-casino motifs, charcoal old gold wax white crimson void violet palette, dark whimsical cult roguelite mood, 512x512 source PNG icon readable at 64x64 with bold charcoal outline and centered silhouette, game asset, transparent background, no text, clean edges","photorealistic, 3D render, blurry, text, watermark, extra limbs, deformed, low quality, noisy background","512x512","Yes","Placeholder; does not define mechanics."
"reward_icon_standard_02","Assets/Generated/ui/rewards/reward_icon_standard_02.png","Assets/Generated/ui/rewards/reward_icon_standard_02.prompt.txt","Assets/Generated/ui/rewards","Slot Machine / Rewards","Standard reward icon placeholder 02.","Reward cards.","none","crimson thorn dagger blessing icon wrapped in tiny old-gold token halo and no letters, stylized dark cartoon with grotesque religious-casino motifs, charcoal old gold wax white crimson void violet palette, dark whimsical cult roguelite mood, 512x512 source PNG icon readable at 64x64 with bold charcoal outline and centered silhouette, game asset, transparent background, no text, clean edges","photorealistic, 3D render, blurry, text, watermark, extra limbs, deformed, low quality, noisy background","512x512","Yes","Placeholder; does not define mechanics."
"reward_icon_p03_last_breath","Assets/Generated/ui/rewards/reward_icon_p03_last_breath.png","Assets/Generated/ui/rewards/reward_icon_p03_last_breath.prompt.txt","Assets/Generated/ui/rewards","Slot Machine / Rewards","Standard reward icon for P03 Last Breath, the only possession-exit explosion source.","Reward cards, P03 effect UI.","none","void-violet final breath spirit icon bursting from a cracked old-gold vessel halo without damage numbers, stylized dark cartoon with grotesque religious-casino motifs, charcoal old gold wax white crimson void violet palette, dark whimsical cult roguelite mood, 512x512 source PNG icon readable at 64x64 with bold charcoal outline and centered silhouette, game asset, transparent background, no text, clean edges","photorealistic, 3D render, blurry, text, watermark, extra limbs, deformed, low quality, noisy background","512x512","Yes","Only icon tied to validated P03 explosion behavior."
"reward_icon_standard_04","Assets/Generated/ui/rewards/reward_icon_standard_04.png","Assets/Generated/ui/rewards/reward_icon_standard_04.prompt.txt","Assets/Generated/ui/rewards","Slot Machine / Rewards","Standard reward icon placeholder 04.","Reward cards.","none","cracked old-gold halo blessing icon with wax-white inner glow and no letters, stylized dark cartoon with grotesque religious-casino motifs, charcoal old gold wax white crimson void violet palette, dark whimsical cult roguelite mood, 512x512 source PNG icon readable at 64x64 with bold charcoal outline and centered silhouette, game asset, transparent background, no text, clean edges","photorealistic, 3D render, blurry, text, watermark, extra limbs, deformed, low quality, noisy background","512x512","Yes","Placeholder; does not define mechanics."
"reward_icon_standard_05","Assets/Generated/ui/rewards/reward_icon_standard_05.png","Assets/Generated/ui/rewards/reward_icon_standard_05.prompt.txt","Assets/Generated/ui/rewards","Slot Machine / Rewards","Standard reward icon placeholder 05.","Reward cards.","none","wax-white heart reliquary icon inside old-gold casino chip rim and no letters, stylized dark cartoon with grotesque religious-casino motifs, charcoal old gold wax white crimson void violet palette, dark whimsical cult roguelite mood, 512x512 source PNG icon readable at 64x64 with bold charcoal outline and centered silhouette, game asset, transparent background, no text, clean edges","photorealistic, 3D render, blurry, text, watermark, extra limbs, deformed, low quality, noisy background","512x512","Yes","Placeholder; does not define mechanics."
"reward_icon_standard_06","Assets/Generated/ui/rewards/reward_icon_standard_06.png","Assets/Generated/ui/rewards/reward_icon_standard_06.prompt.txt","Assets/Generated/ui/rewards","Slot Machine / Rewards","Standard reward icon placeholder 06.","Reward cards.","none","void-violet watching eye blessing icon with crimson tear and old-gold broken rim, stylized dark cartoon with grotesque religious-casino motifs, charcoal old gold wax white crimson void violet palette, dark whimsical cult roguelite mood, 512x512 source PNG icon readable at 64x64 with bold charcoal outline and centered silhouette, game asset, transparent background, no text, clean edges","photorealistic, 3D render, blurry, text, watermark, extra limbs, deformed, low quality, noisy background","512x512","Yes","Placeholder; does not define mechanics."
"reward_icon_standard_07","Assets/Generated/ui/rewards/reward_icon_standard_07.png","Assets/Generated/ui/rewards/reward_icon_standard_07.prompt.txt","Assets/Generated/ui/rewards","Slot Machine / Rewards","Standard reward icon placeholder 07.","Reward cards.","none","black casino token blessing icon with old-gold rim, wax-white crack, and no letters or numbers, stylized dark cartoon with grotesque religious-casino motifs, charcoal old gold wax white crimson void violet palette, dark whimsical cult roguelite mood, 512x512 source PNG icon readable at 64x64 with bold charcoal outline and centered silhouette, game asset, transparent background, no text, clean edges","photorealistic, 3D render, blurry, text, watermark, extra limbs, deformed, low quality, noisy background","512x512","Yes","Placeholder; does not define mechanics."
"reward_icon_standard_08","Assets/Generated/ui/rewards/reward_icon_standard_08.png","Assets/Generated/ui/rewards/reward_icon_standard_08.prompt.txt","Assets/Generated/ui/rewards","Slot Machine / Rewards","Standard reward icon placeholder 08.","Reward cards.","none","thorny rosary loop icon made of tiny old-gold casino beads with crimson wax drop and no cross text, stylized dark cartoon with grotesque religious-casino motifs, charcoal old gold wax white crimson void violet palette, dark whimsical cult roguelite mood, 512x512 source PNG icon readable at 64x64 with bold charcoal outline and centered silhouette, game asset, transparent background, no text, clean edges","photorealistic, 3D render, blurry, text, watermark, extra limbs, deformed, low quality, noisy background","512x512","Yes","Placeholder; does not define mechanics."
"reward_icon_standard_09","Assets/Generated/ui/rewards/reward_icon_standard_09.png","Assets/Generated/ui/rewards/reward_icon_standard_09.prompt.txt","Assets/Generated/ui/rewards","Slot Machine / Rewards","Standard reward icon placeholder 09.","Reward cards.","none","broken balance scale icon with old-gold pans shaped like casino chips and no markings, stylized dark cartoon with grotesque religious-casino motifs, charcoal old gold wax white crimson void violet palette, dark whimsical cult roguelite mood, 512x512 source PNG icon readable at 64x64 with bold charcoal outline and centered silhouette, game asset, transparent background, no text, clean edges","photorealistic, 3D render, blurry, text, watermark, extra limbs, deformed, low quality, noisy background","512x512","Yes","Placeholder; does not define mechanics."
"reward_icon_standard_10","Assets/Generated/ui/rewards/reward_icon_standard_10.png","Assets/Generated/ui/rewards/reward_icon_standard_10.prompt.txt","Assets/Generated/ui/rewards","Slot Machine / Rewards","Standard reward icon placeholder 10.","Reward cards.","none","incense burner icon shaped like tiny slot altar with void-violet smoke and blank face, stylized dark cartoon with grotesque religious-casino motifs, charcoal old gold wax white crimson void violet palette, dark whimsical cult roguelite mood, 512x512 source PNG icon readable at 64x64 with bold charcoal outline and centered silhouette, game asset, transparent background, no text, clean edges","photorealistic, 3D render, blurry, text, watermark, extra limbs, deformed, low quality, noisy background","512x512","Yes","Placeholder; does not define mechanics."
"reward_icon_standard_11","Assets/Generated/ui/rewards/reward_icon_standard_11.png","Assets/Generated/ui/rewards/reward_icon_standard_11.prompt.txt","Assets/Generated/ui/rewards","Slot Machine / Rewards","Standard reward icon placeholder 11.","Reward cards.","none","wax-white marked palm blessing icon holding old-gold token with no letters or numbers, stylized dark cartoon with grotesque religious-casino motifs, charcoal old gold wax white crimson void violet palette, dark whimsical cult roguelite mood, 512x512 source PNG icon readable at 64x64 with bold charcoal outline and centered silhouette, game asset, transparent background, no text, clean edges","photorealistic, 3D render, blurry, text, watermark, extra limbs, deformed, low quality, noisy background","512x512","Yes","Placeholder; does not define mechanics."
"reward_icon_standard_12","Assets/Generated/ui/rewards/reward_icon_standard_12.png","Assets/Generated/ui/rewards/reward_icon_standard_12.prompt.txt","Assets/Generated/ui/rewards","Slot Machine / Rewards","Standard reward icon placeholder 12.","Reward cards.","none","sealed chapel gate icon with old-gold lock and void-violet crack, no letters or numbers, stylized dark cartoon with grotesque religious-casino motifs, charcoal old gold wax white crimson void violet palette, dark whimsical cult roguelite mood, 512x512 source PNG icon readable at 64x64 with bold charcoal outline and centered silhouette, game asset, transparent background, no text, clean edges","photorealistic, 3D render, blurry, text, watermark, extra limbs, deformed, low quality, noisy background","512x512","Yes","Placeholder; does not define mechanics."
"ui_cursed_deal_frame_active","Assets/Generated/ui/rewards/ui_cursed_deal_frame_active.png","Assets/Generated/ui/rewards/ui_cursed_deal_frame_active.prompt.txt","Assets/Generated/ui/rewards","Slot Machine / Rewards","Cursed deal card/popup frame.","Reward UI, cursed deal stop 2.","active","vertical cursed deal frame with crimson wax cracks, void-violet smoke corners, old-gold chapel arch, and blank interior, stylized dark cartoon with grotesque religious-casino motifs, charcoal old gold wax white crimson void violet palette, dark whimsical cult roguelite mood, 768x1024 source PNG UI sprite readable at 64x64 with bold charcoal outline and centered silhouette, game asset, transparent background, no text, clean edges","photorealistic, 3D render, blurry, text, watermark, extra limbs, deformed, low quality, noisy background","768x1024","Yes","UI Image; cursed deal name/effect added via Unity text."
"ui_cursed_deal_icon_fanatical_credit","Assets/Generated/ui/rewards/ui_cursed_deal_icon_fanatical_credit.png","Assets/Generated/ui/rewards/ui_cursed_deal_icon_fanatical_credit.prompt.txt","Assets/Generated/ui/rewards","Slot Machine / Rewards","Icon for Fanatical Credit cursed deal.","Reward UI, cursed deal offer.","none","cursed old-gold credit token chained to crimson wax heart with blank face and no numbers, stylized dark cartoon with grotesque religious-casino motifs, charcoal old gold wax white crimson void violet palette, dark whimsical cult roguelite mood, 512x512 source PNG icon readable at 64x64 with bold charcoal outline and centered silhouette, game asset, transparent background, no text, clean edges","photorealistic, 3D render, blurry, text, watermark, extra limbs, deformed, low quality, noisy background","512x512","Yes","Icon only; +1 Attack and -1 Max HP text must be Unity UI."
"ui_victory_emblem_active","Assets/Generated/ui/results/ui_victory_emblem_active.png","Assets/Generated/ui/results/ui_victory_emblem_active.prompt.txt","Assets/Generated/ui/results","Result Screens","Victory emblem after boss defeat.","GameOver/Victory UI.","active","old-gold broken seal victory emblem over wax-white candleburst with crimson cult cracks, stylized dark cartoon with grotesque religious-casino motifs, charcoal old gold wax white crimson void violet palette, dark whimsical cult roguelite mood, 512x512 source PNG emblem readable at 64x64 with bold charcoal outline and centered silhouette, game asset, transparent background, no text, clean edges","photorealistic, 3D render, blurry, text, watermark, extra limbs, deformed, low quality, noisy background","512x512","Yes","UI Image; victory text added in Unity."
"ui_defeat_emblem_active","Assets/Generated/ui/results/ui_defeat_emblem_active.png","Assets/Generated/ui/results/ui_defeat_emblem_active.prompt.txt","Assets/Generated/ui/results","Result Screens","Defeat emblem.","GameOver UI.","active","dim cracked halo defeat emblem with extinguished candle and void-violet smoke, stylized dark cartoon with grotesque religious-casino motifs, charcoal old gold wax white crimson void violet palette, dark whimsical cult roguelite mood, 512x512 source PNG emblem readable at 64x64 with bold charcoal outline and centered silhouette, game asset, transparent background, no text, clean edges","photorealistic, 3D render, blurry, text, watermark, extra limbs, deformed, low quality, noisy background","512x512","Yes","UI Image; defeat text added in Unity."
"ui_game_over_panel_bg_idle","Assets/Generated/ui/results/ui_game_over_panel_bg_idle.png","Assets/Generated/ui/results/ui_game_over_panel_bg_idle.prompt.txt","Assets/Generated/ui/results","Result Screens","Game over panel background decoration.","GameOver scene UI.","idle","large dark chapel-casino panel background with blank parchment center and old-gold cracked border, stylized dark cartoon with grotesque religious-casino motifs, charcoal old gold wax white crimson void violet palette, dark whimsical cult roguelite mood, 1024x1024 source PNG UI sprite readable at 64x64 with bold charcoal outline and centered silhouette, game asset, transparent background, no text, clean edges","photorealistic, 3D render, blurry, text, watermark, extra limbs, deformed, low quality, noisy background","1024x1024","Yes","Sliced or full UI Image; all summary text is Unity UI."
"ui_run_summary_frame_idle","Assets/Generated/ui/results/ui_run_summary_frame_idle.png","Assets/Generated/ui/results/ui_run_summary_frame_idle.prompt.txt","Assets/Generated/ui/results","Result Screens","Decorative frame for run summary stats.","GameOver scene UI.","idle","horizontal run summary frame with old-gold casino chapel corners, blank sockets, and wax-white trim, stylized dark cartoon with grotesque religious-casino motifs, charcoal old gold wax white crimson void violet palette, dark whimsical cult roguelite mood, 1024x512 source PNG UI sprite readable at 64x64 with bold charcoal outline and centered silhouette, game asset, transparent background, no text, clean edges","photorealistic, 3D render, blurry, text, watermark, extra limbs, deformed, low quality, noisy background","1024x512","Yes","UI Image; numbers/labels added in Unity."
"ui_broken_seal_icon_idle","Assets/Generated/ui/meta/ui_broken_seal_icon_idle.png","Assets/Generated/ui/meta/ui_broken_seal_icon_idle.prompt.txt","Assets/Generated/ui/meta","Meta Unlock","First meta unlock icon: Broken Seal.","MainMenu/meta unlock UI.","idle","broken old-gold sacred seal icon with void-violet crack and wax-white glow, no letters or numbers, stylized dark cartoon with grotesque religious-casino motifs, charcoal old gold wax white crimson void violet palette, dark whimsical cult roguelite mood, 512x512 source PNG icon readable at 64x64 with bold charcoal outline and centered silhouette, game asset, transparent background, no text, clean edges","photorealistic, 3D render, blurry, text, watermark, extra limbs, deformed, low quality, noisy background","512x512","Yes","UI Image; unlock name/effect text in Unity."
"ui_meta_unlock_panel_decoration_idle","Assets/Generated/ui/meta/ui_meta_unlock_panel_decoration_idle.png","Assets/Generated/ui/meta/ui_meta_unlock_panel_decoration_idle.prompt.txt","Assets/Generated/ui/meta","Meta Unlock","Meta unlock panel decoration.","MainMenu/meta unlock UI.","idle","compact chapel-casino unlock panel decoration with blank center, cracked old-gold border, and candle side ornaments, stylized dark cartoon with grotesque religious-casino motifs, charcoal old gold wax white crimson void violet palette, dark whimsical cult roguelite mood, 1024x512 source PNG UI sprite readable at 64x64 with bold charcoal outline and centered silhouette, game asset, transparent background, no text, clean edges","photorealistic, 3D render, blurry, text, watermark, extra limbs, deformed, low quality, noisy background","1024x512","Yes","UI Image; no unlock copy baked in."
"arena_floor_corrupted_village_idle","Assets/Generated/environment/arenas/arena_floor_corrupted_village_idle.png","Assets/Generated/environment/arenas/arena_floor_corrupted_village_idle.prompt.txt","Assets/Generated/environment/arenas","Environment / Props","Simple arena floor/background for five combat rooms.","Game scene background.","idle","circular corrupted village arena floor patch with cracked chapel stones, faint casino-chip geometry, and muddy charcoal edges, stylized dark cartoon with grotesque religious-casino motifs, charcoal old gold wax white crimson void violet palette, dark whimsical cult roguelite mood, 1024x1024 source PNG sprite readable at 64x64 with bold charcoal outline and centered silhouette, game asset, transparent background, no text, clean edges","photorealistic, 3D render, blurry, text, watermark, extra limbs, deformed, low quality, noisy background","1024x1024","Yes","SpriteRenderer background; can be scaled, avoid busy detail under enemies."
"prop_corrupted_village_house_idle","Assets/Generated/environment/props/prop_corrupted_village_house_idle.png","Assets/Generated/environment/props/prop_corrupted_village_house_idle.prompt.txt","Assets/Generated/environment/props","Environment / Props","Corrupted village background prop.","Room decoration prefab.","idle","crooked rotting village chapel-house prop with blank hanging sign and old-gold candle stains, stylized dark cartoon with grotesque religious-casino motifs, charcoal old gold wax white crimson void violet palette, dark whimsical cult roguelite mood, 512x512 source PNG sprite readable at 64x64 with bold charcoal outline and centered silhouette, game asset, transparent background, no text, clean edges","photorealistic, 3D render, blurry, text, watermark, extra limbs, deformed, low quality, noisy background","512x512","Yes","SpriteRenderer; sign must remain unreadable/blank."
"prop_altar_slot_machine_idle","Assets/Generated/environment/props/prop_altar_slot_machine_idle.png","Assets/Generated/environment/props/prop_altar_slot_machine_idle.prompt.txt","Assets/Generated/environment/props","Environment / Props","Non-interactive altar slot-machine prop for arena dressing if needed.","Room decoration prefab.","idle","small broken altar slot-machine prop with blank reel windows and melted candles, stylized dark cartoon with grotesque religious-casino motifs, charcoal old gold wax white crimson void violet palette, dark whimsical cult roguelite mood, 512x512 source PNG sprite readable at 64x64 with bold charcoal outline and centered silhouette, game asset, transparent background, no text, clean edges","photorealistic, 3D render, blurry, text, watermark, extra limbs, deformed, low quality, noisy background","512x512","Yes","Decorative only; not the reward machine interaction."
"prop_sacred_casino_candles_idle","Assets/Generated/environment/props/prop_sacred_casino_candles_idle.png","Assets/Generated/environment/props/prop_sacred_casino_candles_idle.prompt.txt","Assets/Generated/environment/props","Environment / Props","Casino-religious decorative candles.","Room decoration prefab.","idle","cluster of wax-white altar candles around old-gold casino chips with crimson wax drips, stylized dark cartoon with grotesque religious-casino motifs, charcoal old gold wax white crimson void violet palette, dark whimsical cult roguelite mood, 512x512 source PNG sprite readable at 64x64 with bold charcoal outline and centered silhouette, game asset, transparent background, no text, clean edges","photorealistic, 3D render, blurry, text, watermark, extra limbs, deformed, low quality, noisy background","512x512","Yes","SpriteRenderer prop; keep low visual noise."
"prop_casino_religious_banner_idle","Assets/Generated/environment/props/prop_casino_religious_banner_idle.png","Assets/Generated/environment/props/prop_casino_religious_banner_idle.prompt.txt","Assets/Generated/environment/props","Environment / Props","Decorative banner without readable symbols.","Room decoration prefab.","idle","torn chapel banner with abstract casino-chip pattern, no letters, no numbers, old-gold trim and crimson cloth, stylized dark cartoon with grotesque religious-casino motifs, charcoal old gold wax white crimson void violet palette, dark whimsical cult roguelite mood, 512x512 source PNG sprite readable at 64x64 with bold charcoal outline and centered silhouette, game asset, transparent background, no text, clean edges","photorealistic, 3D render, blurry, text, watermark, extra limbs, deformed, low quality, noisy background","512x512","Yes","Decorative prop; no readable prayers or signage."
"vfx_hit_impact_active","Assets/Generated/vfx/combat/vfx_hit_impact_active.png","Assets/Generated/vfx/combat/vfx_hit_impact_active.prompt.txt","Assets/Generated/vfx/combat","VFX","Generic hit impact sprite.","Combat VFX prefab.","active","compact crimson wax impact burst with old-gold chip shards and strong radial silhouette, stylized dark cartoon with grotesque religious-casino motifs, charcoal old gold wax white crimson void violet palette, dark whimsical cult roguelite mood, 512x512 source PNG VFX sprite readable at 64x64 with bold charcoal outline and centered silhouette, game asset, transparent background, no text, clean edges","photorealistic, 3D render, blurry, text, watermark, extra limbs, deformed, low quality, noisy background","512x512","Yes","SpriteRenderer VFX; Coder can scale/fade."
"vfx_enemy_death_puff_active","Assets/Generated/vfx/combat/vfx_enemy_death_puff_active.png","Assets/Generated/vfx/combat/vfx_enemy_death_puff_active.prompt.txt","Assets/Generated/vfx/combat","VFX","Enemy death puff.","Enemy death VFX prefab.","active","small charcoal wax smoke puff with old-gold flecks and void-violet inner curl, stylized dark cartoon with grotesque religious-casino motifs, charcoal old gold wax white crimson void violet palette, dark whimsical cult roguelite mood, 512x512 source PNG VFX sprite readable at 64x64 with bold charcoal outline and centered silhouette, game asset, transparent background, no text, clean edges","photorealistic, 3D render, blurry, text, watermark, extra limbs, deformed, low quality, noisy background","512x512","Yes","SpriteRenderer VFX; not used for P03 explosion."
"vfx_possession_tether_flash_active","Assets/Generated/vfx/possession/vfx_possession_tether_flash_active.png","Assets/Generated/vfx/possession/vfx_possession_tether_flash_active.prompt.txt","Assets/Generated/vfx/possession","VFX","Possession tether/flash between player and vessel.","Possession VFX prefab.","active","arcing void-violet spirit tether with old-gold broken halo sparks and clean readable curve, stylized dark cartoon with grotesque religious-casino motifs, charcoal old gold wax white crimson void violet palette, dark whimsical cult roguelite mood, 512x512 source PNG VFX sprite readable at 64x64 with bold charcoal outline and centered silhouette, game asset, transparent background, no text, clean edges","photorealistic, 3D render, blurry, text, watermark, extra limbs, deformed, low quality, noisy background","512x512","Yes","Can be stretched/rotated by script or used as short flash."
"vfx_reward_reveal_sparkle_active","Assets/Generated/vfx/rewards/vfx_reward_reveal_sparkle_active.png","Assets/Generated/vfx/rewards/vfx_reward_reveal_sparkle_active.prompt.txt","Assets/Generated/vfx/rewards","VFX","Reward reveal sparkle.","Reward UI VFX prefab.","active","old-gold candle sparkle burst with wax-white glints and tiny void-violet cracks, stylized dark cartoon with grotesque religious-casino motifs, charcoal old gold wax white crimson void violet palette, dark whimsical cult roguelite mood, 512x512 source PNG VFX sprite readable at 64x64 with bold charcoal outline and centered silhouette, game asset, transparent background, no text, clean edges","photorealistic, 3D render, blurry, text, watermark, extra limbs, deformed, low quality, noisy background","512x512","Yes","UI overlay or SpriteRenderer VFX."
"vfx_cursed_deal_smoke_active","Assets/Generated/vfx/rewards/vfx_cursed_deal_smoke_active.png","Assets/Generated/vfx/rewards/vfx_cursed_deal_smoke_active.prompt.txt","Assets/Generated/vfx/rewards","VFX","Cursed deal smoke.","Cursed deal UI VFX prefab.","active","curling crimson and void-violet cursed smoke with old-gold ember flecks and compact silhouette, stylized dark cartoon with grotesque religious-casino motifs, charcoal old gold wax white crimson void violet palette, dark whimsical cult roguelite mood, 512x512 source PNG VFX sprite readable at 64x64 with bold charcoal outline and centered silhouette, game asset, transparent background, no text, clean edges","photorealistic, 3D render, blurry, text, watermark, extra limbs, deformed, low quality, noisy background","512x512","Yes","UI overlay; no readable curse symbols."
"vfx_p03_explosion_active","Assets/Generated/vfx/p03/vfx_p03_explosion_active.png","Assets/Generated/vfx/p03/vfx_p03_explosion_active.prompt.txt","Assets/Generated/vfx/p03","VFX","P03 Last Breath damaging possession-exit explosion.","P03 reward effect VFX prefab.","active","compact void-violet and crimson spirit explosion from cracked old-gold vessel halo with enemy-only blast silhouette, stylized dark cartoon with grotesque religious-casino motifs, charcoal old gold wax white crimson void violet palette, dark whimsical cult roguelite mood, 512x512 source PNG VFX sprite readable at 64x64 with bold charcoal outline and centered silhouette, game asset, transparent background, no text, clean edges","photorealistic, 3D render, blurry, text, watermark, extra limbs, deformed, low quality, noisy background","512x512","Yes","Only use for P03; default possession exit must not call this VFX."
