"object_id","asset_id","state","category","target_png_path","prompt_file_path","unity_component","import_type","ppu","pivot","transparent","ui_or_world","notes","status"
"player_body","player_body_idle","idle","Characters - Player","Assets/Generated/characters/player/player_body_idle.png","Assets/Generated/characters/player/player_body_idle.prompt.txt","SpriteRenderer","Sprite (2D and UI)","128 PPU","center-bottom","Yes","world","Default hero body, readable top-down/three-quarter silhouette. Import as SpriteRenderer sprite, 128 PPU, pivot center-bottom.","ready_for_generation_review"
"player_body","player_body_hit","hit","Characters - Player","Assets/Generated/characters/player/player_body_hit.png","Assets/Generated/characters/player/player_body_hit.prompt.txt","SpriteRenderer","Sprite (2D and UI)","128 PPU","center-bottom","Yes","world","Player hit feedback state. Same bounds as idle to avoid visual popping.","ready_for_generation_review"
"player_body","player_body_death","death","Characters - Player","Assets/Generated/characters/player/player_body_death.png","Assets/Generated/characters/player/player_body_death.prompt.txt","SpriteRenderer","Sprite (2D and UI)","128 PPU","center-bottom","Yes","world","Player defeat/death visual. Keep silhouette simple; no gore detail needed.","ready_for_generation_review"
"player_empty_shell","player_empty_shell_idle","idle","Characters - Player","Assets/Generated/characters/player/player_empty_shell_idle.png","Assets/Generated/characters/player/player_empty_shell_idle.prompt.txt","SpriteRenderer","Sprite (2D and UI)","128 PPU","center-bottom","Yes","world","Empty hero shell left in arena while possession is active. SpriteRenderer; must remain distinct from dead body.","ready_for_generation_review"
"player_possessed_overlay","player_possessed_overlay_active","active","Characters - Player","Assets/Generated/characters/player/player_possessed_overlay_active.png","Assets/Generated/characters/player/player_possessed_overlay_active.prompt.txt","SpriteRenderer","Sprite (2D and UI)","128 PPU","center","Yes","world","Overlay showing player is controlling a vessel. Additive/overlay candidate; no baked enemy body.","ready_for_generation_review"
"enemy_weak_cultist","enemy_weak_cultist_idle","idle","Characters - Enemies","Assets/Generated/characters/enemies/enemy_weak_cultist_idle.png","Assets/Generated/characters/enemies/enemy_weak_cultist_idle.prompt.txt","SpriteRenderer","Sprite (2D and UI)","128 PPU","center-bottom","Yes","world","Weak cultist enemy base. SpriteRenderer; leave outer silhouette clear for marker ring.","ready_for_generation_review"
"enemy_weak_cultist","enemy_weak_cultist_hit","hit","Characters - Enemies","Assets/Generated/characters/enemies/enemy_weak_cultist_hit.png","Assets/Generated/characters/enemies/enemy_weak_cultist_hit.prompt.txt","SpriteRenderer","Sprite (2D and UI)","128 PPU","center-bottom","Yes","world","Weak cultist hit state. Same footprint as idle.","ready_for_generation_review"
"enemy_weak_cultist","enemy_weak_cultist_death","death","Characters - Enemies","Assets/Generated/characters/enemies/enemy_weak_cultist_death.png","Assets/Generated/characters/enemies/enemy_weak_cultist_death.prompt.txt","SpriteRenderer","Sprite (2D and UI)","128 PPU","center-bottom","Yes","world","Weak cultist death state or last frame. Can be swapped before death puff VFX.","ready_for_generation_review"
"enemy_fast_fanatic","enemy_fast_fanatic_idle","idle","Characters - Enemies","Assets/Generated/characters/enemies/enemy_fast_fanatic_idle.png","Assets/Generated/characters/enemies/enemy_fast_fanatic_idle.prompt.txt","SpriteRenderer","Sprite (2D and UI)","128 PPU","center-bottom","Yes","world","Fast fanatic enemy base. Silhouette must differ from weak cultist in greyscale.","ready_for_generation_review"
"enemy_fast_fanatic","enemy_fast_fanatic_hit","hit","Characters - Enemies","Assets/Generated/characters/enemies/enemy_fast_fanatic_hit.png","Assets/Generated/characters/enemies/enemy_fast_fanatic_hit.prompt.txt","SpriteRenderer","Sprite (2D and UI)","128 PPU","center-bottom","Yes","world","Fast fanatic hit state. Same bounds as idle.","ready_for_generation_review"
"enemy_fast_fanatic","enemy_fast_fanatic_death","death","Characters - Enemies","Assets/Generated/characters/enemies/enemy_fast_fanatic_death.png","Assets/Generated/characters/enemies/enemy_fast_fanatic_death.prompt.txt","SpriteRenderer","Sprite (2D and UI)","128 PPU","center-bottom","Yes","world","Fast fanatic death state or last frame. Can be paired with death puff VFX.","ready_for_generation_review"
"enemy_preacher","enemy_preacher_idle","idle","Characters - Enemies","Assets/Generated/characters/enemies/enemy_preacher_idle.png","Assets/Generated/characters/enemies/enemy_preacher_idle.prompt.txt","SpriteRenderer","Sprite (2D and UI)","128 PPU","center-bottom","Yes","world","Ranged preacher enemy base. Keep blank papers free of letters or numbers.","ready_for_generation_review"
"enemy_preacher","enemy_preacher_hit","hit","Characters - Enemies","Assets/Generated/characters/enemies/enemy_preacher_hit.png","Assets/Generated/characters/enemies/enemy_preacher_hit.prompt.txt","SpriteRenderer","Sprite (2D and UI)","128 PPU","center-bottom","Yes","world","Preacher hit state. Same footprint as idle.","ready_for_generation_review"
"enemy_preacher","enemy_preacher_death","death","Characters - Enemies","Assets/Generated/characters/enemies/enemy_preacher_death.png","Assets/Generated/characters/enemies/enemy_preacher_death.prompt.txt","SpriteRenderer","Sprite (2D and UI)","128 PPU","center-bottom","Yes","world","Preacher death state or last frame. No readable ticket markings.","ready_for_generation_review"
"boss_mother_couponella","boss_mother_couponella_idle","idle","Boss","Assets/Generated/characters/boss/boss_mother_couponella_idle.png","Assets/Generated/characters/boss/boss_mother_couponella_idle.prompt.txt","SpriteRenderer","Sprite (2D and UI)","128 PPU","center-bottom","Yes","world","Mother Couponella boss base sprite. SpriteRenderer; pivot center-bottom; no readable coupon text.","ready_for_generation_review"
"boss_mother_couponella","boss_mother_couponella_hit","hit","Boss","Assets/Generated/characters/boss/boss_mother_couponella_hit.png","Assets/Generated/characters/boss/boss_mother_couponella_hit.prompt.txt","SpriteRenderer","Sprite (2D and UI)","128 PPU","center-bottom","Yes","world","Mother Couponella hit feedback. Match idle bounds as closely as possible.","ready_for_generation_review"
"boss_mother_couponella","boss_mother_couponella_death","death","Boss","Assets/Generated/characters/boss/boss_mother_couponella_death.png","Assets/Generated/characters/boss/boss_mother_couponella_death.prompt.txt","SpriteRenderer","Sprite (2D and UI)","128 PPU","center-bottom","Yes","world","Mother Couponella defeat sprite. Avoid gore; keep large readable silhouette.","ready_for_generation_review"
"boss_attack_warning_marker","boss_attack_warning_marker_ready","ready","Boss","Assets/Generated/characters/boss/boss_attack_warning_marker_ready.png","Assets/Generated/characters/boss/boss_attack_warning_marker_ready.prompt.txt","SpriteRenderer","Sprite (2D and UI)","128 PPU","center","Yes","world","Floor warning marker for boss AOE/tape attack. SpriteRenderer or UI world-space image; transparent center acceptable.","ready_for_generation_review"
"ui_hp_bar","ui_hp_frame_idle","idle","Combat UI / HUD","Assets/Generated/ui/hud/ui_hp_frame_idle.png","Assets/Generated/ui/hud/ui_hp_frame_idle.prompt.txt","Unity UI Image","Sprite (2D and UI)","Canvas/UI native scaling","center","Yes","ui","HP bar frame. Use as sliced UI Image; no numbers or labels.","ready_for_generation_review"
"ui_hp_bar","ui_hp_fill_active","active","Combat UI / HUD","Assets/Generated/ui/hud/ui_hp_fill_active.png","Assets/Generated/ui/hud/ui_hp_fill_active.prompt.txt","Unity UI Image","Sprite (2D and UI)","Canvas/UI native scaling","center","Yes","ui","HP fill art. Use as filled UI Image; avoid gradients that vanish on mobile.","ready_for_generation_review"
"ui_possession_charge_bar","ui_possession_charge_frame_idle","idle","Combat UI / HUD","Assets/Generated/ui/hud/ui_possession_charge_frame_idle.png","Assets/Generated/ui/hud/ui_possession_charge_frame_idle.prompt.txt","Unity UI Image","Sprite (2D and UI)","Canvas/UI native scaling","center","Yes","ui","Possession charge bar frame. Sliced UI Image; no possession button behavior.","ready_for_generation_review"
"ui_possession_charge_bar","ui_possession_charge_fill_active","active","Combat UI / HUD","Assets/Generated/ui/hud/ui_possession_charge_fill_active.png","Assets/Generated/ui/hud/ui_possession_charge_fill_active.prompt.txt","Unity UI Image","Sprite (2D and UI)","Canvas/UI native scaling","center","Yes","ui","Possession charge fill. Filled Image; use color/alpha animation in Unity.","ready_for_generation_review"
"ui_token_display_icon","ui_token_icon_idle","idle","Combat UI / HUD","Assets/Generated/ui/hud/ui_token_icon_idle.png","Assets/Generated/ui/hud/ui_token_icon_idle.prompt.txt","Unity UI Image","Sprite (2D and UI)","Canvas/UI native scaling","center","Yes","ui","Token currency icon. UI Image; text count added in Unity UI.","ready_for_generation_review"
"ui_room_progress","ui_room_progress_frame_idle","idle","Combat UI / HUD","Assets/Generated/ui/hud/ui_room_progress_frame_idle.png","Assets/Generated/ui/hud/ui_room_progress_frame_idle.prompt.txt","Unity UI Image","Sprite (2D and UI)","Canvas/UI native scaling","center","Yes","ui","Room progress frame. Coder can place icons/filled states; no room numbers baked in.","ready_for_generation_review"
"ui_room_progress","ui_room_progress_icon_active","active","Combat UI / HUD","Assets/Generated/ui/hud/ui_room_progress_icon_active.png","Assets/Generated/ui/hud/ui_room_progress_icon_active.prompt.txt","Unity UI Image","Sprite (2D and UI)","Canvas/UI native scaling","center","Yes","ui","Active/cleared room progress token. UI Image repeated by code for progress slots.","ready_for_generation_review"
"ui_auto_attack_indicator","ui_auto_attack_indicator_active","active","Combat UI / HUD","Assets/Generated/ui/hud/ui_auto_attack_indicator_active.png","Assets/Generated/ui/hud/ui_auto_attack_indicator_active.prompt.txt","Unity UI Image","Sprite (2D and UI)","Canvas/UI native scaling","center","Yes","ui","Optional indicator that auto-attack is active. UI Image only; not a button.","ready_for_generation_review"
"ui_auto_attack_indicator","ui_auto_attack_indicator_disabled","disabled","Combat UI / HUD","Assets/Generated/ui/hud/ui_auto_attack_indicator_disabled.png","Assets/Generated/ui/hud/ui_auto_attack_indicator_disabled.prompt.txt","Unity UI Image","Sprite (2D and UI)","Canvas/UI native scaling","center","Yes","ui","Optional inactive auto-attack indicator. UI Image only; no manual attack button.","ready_for_generation_review"
"ui_joystick_base","ui_joystick_base_idle","idle","Touch Controls","Assets/Generated/ui/controls/ui_joystick_base_idle.png","Assets/Generated/ui/controls/ui_joystick_base_idle.prompt.txt","Unity UI Image","Sprite (2D and UI)","Canvas/UI native scaling","center","Yes","ui","Floating joystick base at rest. UI Image under touch area; no labels.","ready_for_generation_review"
"ui_joystick_base","ui_joystick_base_active","active","Touch Controls","Assets/Generated/ui/controls/ui_joystick_base_active.png","Assets/Generated/ui/controls/ui_joystick_base_active.prompt.txt","Unity UI Image","Sprite (2D and UI)","Canvas/UI native scaling","center","Yes","ui","Floating joystick base while touched. UI Image; Coder changes alpha/position by touch.","ready_for_generation_review"
"ui_joystick_knob","ui_joystick_knob_idle","idle","Touch Controls","Assets/Generated/ui/controls/ui_joystick_knob_idle.png","Assets/Generated/ui/controls/ui_joystick_knob_idle.prompt.txt","Unity UI Image","Sprite (2D and UI)","Canvas/UI native scaling","center","Yes","ui","Floating joystick knob at rest. UI Image; no text or numbers.","ready_for_generation_review"
"ui_joystick_knob","ui_joystick_knob_active","active","Touch Controls","Assets/Generated/ui/controls/ui_joystick_knob_active.png","Assets/Generated/ui/controls/ui_joystick_knob_active.prompt.txt","Unity UI Image","Sprite (2D and UI)","Canvas/UI native scaling","center","Yes","ui","Floating joystick knob while dragged. UI Image; no dash or action affordance.","ready_for_generation_review"
"possession_marked_vessel_ring","possession_marked_vessel_ring_ready","ready","Possession","Assets/Generated/possession/possession_marked_vessel_ring_ready.png","Assets/Generated/possession/possession_marked_vessel_ring_ready.prompt.txt","SpriteRenderer","Sprite (2D and UI)","128 PPU","center","Yes","world","Ring showing valid marked vessel. Overlay SpriteRenderer; center must be transparent.","ready_for_generation_review"
"possession_ready_marker","possession_ready_marker_ready","ready","Possession","Assets/Generated/possession/possession_ready_marker_ready.png","Assets/Generated/possession/possession_ready_marker_ready.prompt.txt","SpriteRenderer","Sprite (2D and UI)","128 PPU","center","Yes","world","Marker that possession charge/proximity is ready. Not a button; use as feedback above/around vessel.","ready_for_generation_review"
"possession_active_overlay","possession_active_overlay_active","active","Possession","Assets/Generated/possession/possession_active_overlay_active.png","Assets/Generated/possession/possession_active_overlay_active.prompt.txt","SpriteRenderer","Sprite (2D and UI)","128 PPU","center","Yes","world","Active possession aura over controlled vessel. Overlay SpriteRenderer; can pulse via script.","ready_for_generation_review"
"possession_exit_marker","possession_exit_marker_active","active","Possession","Assets/Generated/possession/possession_exit_marker_active.png","Assets/Generated/possession/possession_exit_marker_active.prompt.txt","SpriteRenderer","Sprite (2D and UI)","128 PPU","center","Yes","world","Non-damaging default possession exit marker. Must not be used as explosion or damage indicator.","ready_for_generation_review"
"slot_machine_body","slot_machine_body_idle","idle","Slot Machine / Rewards","Assets/Generated/slot_machine/body/slot_machine_body_idle.png","Assets/Generated/slot_machine/body/slot_machine_body_idle.prompt.txt","Unity UI Image","Sprite (2D and UI)","Canvas/UI native scaling","center","Yes","ui","Sacred demonic slot machine body at rest. SpriteRenderer or UI Image; no readable labels; passive auto-roll presentation only.","ready_for_generation_review"
"slot_machine_body","slot_machine_body_active","active","Slot Machine / Rewards","Assets/Generated/slot_machine/body/slot_machine_body_active.png","Assets/Generated/slot_machine/body/slot_machine_body_active.prompt.txt","Unity UI Image","Sprite (2D and UI)","Canvas/UI native scaling","center","Yes","ui","Slot machine during automatic post-combat roll. State swap during auto-roll; no manual interaction prompt.","ready_for_generation_review"
"slot_reel_panel","slot_reel_panel_idle","idle","Slot Machine / Rewards","Assets/Generated/slot_machine/body/slot_reel_panel_idle.png","Assets/Generated/slot_machine/body/slot_reel_panel_idle.prompt.txt","Unity UI Image","Sprite (2D and UI)","Canvas/UI native scaling","center","Yes","ui","Reusable reel panel frame. UI Image; symbols layered separately.","ready_for_generation_review"
"slot_symbol_token","slot_symbol_token_idle","idle","Slot Machine / Rewards","Assets/Generated/slot_machine/symbols/slot_symbol_token_idle.png","Assets/Generated/slot_machine/symbols/slot_symbol_token_idle.prompt.txt","Unity UI Image","Sprite (2D and UI)","Canvas/UI native scaling","center","Yes","ui","Reel token symbol. UI Image/SpriteRenderer; no currency amount.","ready_for_generation_review"
"slot_symbol_candle","slot_symbol_candle_idle","idle","Slot Machine / Rewards","Assets/Generated/slot_machine/symbols/slot_symbol_candle_idle.png","Assets/Generated/slot_machine/symbols/slot_symbol_candle_idle.prompt.txt","Unity UI Image","Sprite (2D and UI)","Canvas/UI native scaling","center","Yes","ui","Reel candle symbol. UI Image/SpriteRenderer.","ready_for_generation_review"
"slot_symbol_seal","slot_symbol_seal_idle","idle","Slot Machine / Rewards","Assets/Generated/slot_machine/symbols/slot_symbol_seal_idle.png","Assets/Generated/slot_machine/symbols/slot_symbol_seal_idle.prompt.txt","Unity UI Image","Sprite (2D and UI)","Canvas/UI native scaling","center","Yes","ui","Reel seal symbol. UI Image/SpriteRenderer.","ready_for_generation_review"
"slot_symbol_eye","slot_symbol_eye_idle","idle","Slot Machine / Rewards","Assets/Generated/slot_machine/symbols/slot_symbol_eye_idle.png","Assets/Generated/slot_machine/symbols/slot_symbol_eye_idle.prompt.txt","Unity UI Image","Sprite (2D and UI)","Canvas/UI native scaling","center","Yes","ui","Reel eye symbol. UI Image/SpriteRenderer.","ready_for_generation_review"
"ui_reward_card_frame","ui_reward_card_frame_idle","idle","Slot Machine / Rewards","Assets/Generated/ui/rewards/ui_reward_card_frame_idle.png","Assets/Generated/ui/rewards/ui_reward_card_frame_idle.prompt.txt","Unity UI Image","Sprite (2D and UI)","Canvas/UI native scaling","center","Yes","ui","Standard reward card frame. UI Image; text and icon placed by Unity UI.","ready_for_generation_review"
"ui_reward_card_frame","ui_reward_card_frame_selected","selected","Slot Machine / Rewards","Assets/Generated/ui/rewards/ui_reward_card_frame_selected.png","Assets/Generated/ui/rewards/ui_reward_card_frame_selected.prompt.txt","Unity UI Image","Sprite (2D and UI)","Canvas/UI native scaling","center","Yes","ui","Selected reward card frame. UI Image state; no baked selection label.","ready_for_generation_review"
"ui_reward_card_frame","ui_reward_card_frame_disabled","disabled","Slot Machine / Rewards","Assets/Generated/ui/rewards/ui_reward_card_frame_disabled.png","Assets/Generated/ui/rewards/ui_reward_card_frame_disabled.prompt.txt","Unity UI Image","Sprite (2D and UI)","Canvas/UI native scaling","center","Yes","ui","Disabled/unavailable reward card frame. UI Image state; use for disabled card presentation only.","ready_for_generation_review"
"ui_reroll_icon","ui_reroll_icon_ready","ready","Slot Machine / Rewards","Assets/Generated/ui/rewards/ui_reroll_icon_ready.png","Assets/Generated/ui/rewards/ui_reroll_icon_ready.prompt.txt","Unity UI Image","Sprite (2D and UI)","Canvas/UI native scaling","center","Yes","ui","Reroll visual icon/button art. UI Button Image; no text count baked in.","ready_for_generation_review"
"ui_reroll_icon","ui_reroll_icon_disabled","disabled","Slot Machine / Rewards","Assets/Generated/ui/rewards/ui_reroll_icon_disabled.png","Assets/Generated/ui/rewards/ui_reroll_icon_disabled.prompt.txt","Unity UI Image","Sprite (2D and UI)","Canvas/UI native scaling","center","Yes","ui","Disabled reroll visual. UI Button disabled Image; reroll count in Unity text.","ready_for_generation_review"
"reward_icon_standard_placeholders","reward_icon_standard_01","none","Slot Machine / Rewards","Assets/Generated/ui/rewards/reward_icon_standard_01.png","Assets/Generated/ui/rewards/reward_icon_standard_01.prompt.txt","Unity UI Image","Sprite (2D and UI)","Canvas/UI native scaling","center","Yes","ui","Standard reward icon placeholder 01. Placeholder; does not define mechanics.","ready_for_generation_review"
"reward_icon_standard_placeholders","reward_icon_standard_02","none","Slot Machine / Rewards","Assets/Generated/ui/rewards/reward_icon_standard_02.png","Assets/Generated/ui/rewards/reward_icon_standard_02.prompt.txt","Unity UI Image","Sprite (2D and UI)","Canvas/UI native scaling","center","Yes","ui","Standard reward icon placeholder 02. Placeholder; does not define mechanics.","ready_for_generation_review"
"reward_icon_p03_last_breath","reward_icon_p03_last_breath","none","Slot Machine / Rewards","Assets/Generated/ui/rewards/reward_icon_p03_last_breath.png","Assets/Generated/ui/rewards/reward_icon_p03_last_breath.prompt.txt","Unity UI Image","Sprite (2D and UI)","Canvas/UI native scaling","center","Yes","ui","Standard reward icon for P03 Last Breath, the only possession-exit explosion source. Only icon tied to validated P03 explosion behavior.","ready_for_generation_review"
"reward_icon_standard_placeholders","reward_icon_standard_04","none","Slot Machine / Rewards","Assets/Generated/ui/rewards/reward_icon_standard_04.png","Assets/Generated/ui/rewards/reward_icon_standard_04.prompt.txt","Unity UI Image","Sprite (2D and UI)","Canvas/UI native scaling","center","Yes","ui","Standard reward icon placeholder 04. Placeholder; does not define mechanics.","ready_for_generation_review"
"reward_icon_standard_placeholders","reward_icon_standard_05","none","Slot Machine / Rewards","Assets/Generated/ui/rewards/reward_icon_standard_05.png","Assets/Generated/ui/rewards/reward_icon_standard_05.prompt.txt","Unity UI Image","Sprite (2D and UI)","Canvas/UI native scaling","center","Yes","ui","Standard reward icon placeholder 05. Placeholder; does not define mechanics.","ready_for_generation_review"
"reward_icon_standard_placeholders","reward_icon_standard_06","none","Slot Machine / Rewards","Assets/Generated/ui/rewards/reward_icon_standard_06.png","Assets/Generated/ui/rewards/reward_icon_standard_06.prompt.txt","Unity UI Image","Sprite (2D and UI)","Canvas/UI native scaling","center","Yes","ui","Standard reward icon placeholder 06. Placeholder; does not define mechanics.","ready_for_generation_review"
"reward_icon_standard_placeholders","reward_icon_standard_07","none","Slot Machine / Rewards","Assets/Generated/ui/rewards/reward_icon_standard_07.png","Assets/Generated/ui/rewards/reward_icon_standard_07.prompt.txt","Unity UI Image","Sprite (2D and UI)","Canvas/UI native scaling","center","Yes","ui","Standard reward icon placeholder 07. Placeholder; does not define mechanics.","ready_for_generation_review"
"reward_icon_standard_placeholders","reward_icon_standard_08","none","Slot Machine / Rewards","Assets/Generated/ui/rewards/reward_icon_standard_08.png","Assets/Generated/ui/rewards/reward_icon_standard_08.prompt.txt","Unity UI Image","Sprite (2D and UI)","Canvas/UI native scaling","center","Yes","ui","Standard reward icon placeholder 08. Placeholder; does not define mechanics.","ready_for_generation_review"
"reward_icon_standard_placeholders","reward_icon_standard_09","none","Slot Machine / Rewards","Assets/Generated/ui/rewards/reward_icon_standard_09.png","Assets/Generated/ui/rewards/reward_icon_standard_09.prompt.txt","Unity UI Image","Sprite (2D and UI)","Canvas/UI native scaling","center","Yes","ui","Standard reward icon placeholder 09. Placeholder; does not define mechanics.","ready_for_generation_review"
"reward_icon_standard_placeholders","reward_icon_standard_10","none","Slot Machine / Rewards","Assets/Generated/ui/rewards/reward_icon_standard_10.png","Assets/Generated/ui/rewards/reward_icon_standard_10.prompt.txt","Unity UI Image","Sprite (2D and UI)","Canvas/UI native scaling","center","Yes","ui","Standard reward icon placeholder 10. Placeholder; does not define mechanics.","ready_for_generation_review"
"reward_icon_standard_placeholders","reward_icon_standard_11","none","Slot Machine / Rewards","Assets/Generated/ui/rewards/reward_icon_standard_11.png","Assets/Generated/ui/rewards/reward_icon_standard_11.prompt.txt","Unity UI Image","Sprite (2D and UI)","Canvas/UI native scaling","center","Yes","ui","Standard reward icon placeholder 11. Placeholder; does not define mechanics.","ready_for_generation_review"
"reward_icon_standard_placeholders","reward_icon_standard_12","none","Slot Machine / Rewards","Assets/Generated/ui/rewards/reward_icon_standard_12.png","Assets/Generated/ui/rewards/reward_icon_standard_12.prompt.txt","Unity UI Image","Sprite (2D and UI)","Canvas/UI native scaling","center","Yes","ui","Standard reward icon placeholder 12. Placeholder; does not define mechanics.","ready_for_generation_review"
"ui_cursed_deal_offer","ui_cursed_deal_frame_active","active","Slot Machine / Rewards","Assets/Generated/ui/rewards/ui_cursed_deal_frame_active.png","Assets/Generated/ui/rewards/ui_cursed_deal_frame_active.prompt.txt","Unity UI Image","Sprite (2D and UI)","Canvas/UI native scaling","center","Yes","ui","Cursed deal card/popup frame. UI Image; cursed deal name/effect added via Unity text.","ready_for_generation_review"
"ui_cursed_deal_offer","ui_cursed_deal_icon_fanatical_credit","none","Slot Machine / Rewards","Assets/Generated/ui/rewards/ui_cursed_deal_icon_fanatical_credit.png","Assets/Generated/ui/rewards/ui_cursed_deal_icon_fanatical_credit.prompt.txt","Unity UI Image","Sprite (2D and UI)","Canvas/UI native scaling","center","Yes","ui","Icon for Fanatical Credit cursed deal. Icon only; +1 Attack and -1 Max HP text must be Unity UI.","ready_for_generation_review"
"ui_result_emblems","ui_victory_emblem_active","active","Result Screens","Assets/Generated/ui/results/ui_victory_emblem_active.png","Assets/Generated/ui/results/ui_victory_emblem_active.prompt.txt","Unity UI Image","Sprite (2D and UI)","Canvas/UI native scaling","center","Yes","ui","Victory emblem after boss defeat. UI Image; victory text added in Unity.","ready_for_generation_review"
"ui_result_emblems","ui_defeat_emblem_active","active","Result Screens","Assets/Generated/ui/results/ui_defeat_emblem_active.png","Assets/Generated/ui/results/ui_defeat_emblem_active.prompt.txt","Unity UI Image","Sprite (2D and UI)","Canvas/UI native scaling","center","Yes","ui","Defeat emblem. UI Image; defeat text added in Unity.","ready_for_generation_review"
"ui_game_over_panel","ui_game_over_panel_bg_idle","idle","Result Screens","Assets/Generated/ui/results/ui_game_over_panel_bg_idle.png","Assets/Generated/ui/results/ui_game_over_panel_bg_idle.prompt.txt","Unity UI Image","Sprite (2D and UI)","Canvas/UI native scaling","center","Yes","ui","Game over panel background decoration. Sliced or full UI Image; all summary text is Unity UI.","ready_for_generation_review"
"ui_run_summary_frame","ui_run_summary_frame_idle","idle","Result Screens","Assets/Generated/ui/results/ui_run_summary_frame_idle.png","Assets/Generated/ui/results/ui_run_summary_frame_idle.prompt.txt","Unity UI Image","Sprite (2D and UI)","Canvas/UI native scaling","center","Yes","ui","Decorative frame for run summary stats. UI Image; numbers/labels added in Unity.","ready_for_generation_review"
"ui_broken_seal_icon","ui_broken_seal_icon_idle","idle","Meta Unlock","Assets/Generated/ui/meta/ui_broken_seal_icon_idle.png","Assets/Generated/ui/meta/ui_broken_seal_icon_idle.prompt.txt","Unity UI Image","Sprite (2D and UI)","Canvas/UI native scaling","center","Yes","ui","First meta unlock icon: Broken Seal. UI Image; unlock name/effect text in Unity.","ready_for_generation_review"
"ui_meta_unlock_panel","ui_meta_unlock_panel_decoration_idle","idle","Meta Unlock","Assets/Generated/ui/meta/ui_meta_unlock_panel_decoration_idle.png","Assets/Generated/ui/meta/ui_meta_unlock_panel_decoration_idle.prompt.txt","Unity UI Image","Sprite (2D and UI)","Canvas/UI native scaling","center","Yes","ui","Meta unlock panel decoration. UI Image; no unlock copy baked in.","ready_for_generation_review"
"arena_floor_corrupted_village","arena_floor_corrupted_village_idle","idle","Environment / Props","Assets/Generated/environment/arenas/arena_floor_corrupted_village_idle.png","Assets/Generated/environment/arenas/arena_floor_corrupted_village_idle.prompt.txt","SpriteRenderer","Sprite (2D and UI)","128 PPU","center","Yes","world","Simple arena floor/background for five combat rooms. SpriteRenderer background; can be scaled, avoid busy detail under enemies.","ready_for_generation_review"
"prop_corrupted_village_house","prop_corrupted_village_house_idle","idle","Environment / Props","Assets/Generated/environment/props/prop_corrupted_village_house_idle.png","Assets/Generated/environment/props/prop_corrupted_village_house_idle.prompt.txt","SpriteRenderer","Sprite (2D and UI)","128 PPU","center-bottom","Yes","world","Corrupted village background prop. SpriteRenderer; sign must remain unreadable/blank.","ready_for_generation_review"
"prop_altar_slot_machine","prop_altar_slot_machine_idle","idle","Environment / Props","Assets/Generated/environment/props/prop_altar_slot_machine_idle.png","Assets/Generated/environment/props/prop_altar_slot_machine_idle.prompt.txt","SpriteRenderer","Sprite (2D and UI)","128 PPU","center-bottom","Yes","world","Non-interactive altar slot-machine prop for arena dressing if needed. Decorative only; not the reward machine interaction.","ready_for_generation_review"
"prop_sacred_casino_candles","prop_sacred_casino_candles_idle","idle","Environment / Props","Assets/Generated/environment/props/prop_sacred_casino_candles_idle.png","Assets/Generated/environment/props/prop_sacred_casino_candles_idle.prompt.txt","SpriteRenderer","Sprite (2D and UI)","128 PPU","center-bottom","Yes","world","Casino-religious decorative candles. SpriteRenderer prop; keep low visual noise.","ready_for_generation_review"
"prop_casino_religious_banner","prop_casino_religious_banner_idle","idle","Environment / Props","Assets/Generated/environment/props/prop_casino_religious_banner_idle.png","Assets/Generated/environment/props/prop_casino_religious_banner_idle.prompt.txt","SpriteRenderer","Sprite (2D and UI)","128 PPU","center-bottom","Yes","world","Decorative banner without readable symbols. Decorative prop; no readable prayers or signage.","ready_for_generation_review"
"vfx_hit_impact","vfx_hit_impact_active","active","VFX","Assets/Generated/vfx/combat/vfx_hit_impact_active.png","Assets/Generated/vfx/combat/vfx_hit_impact_active.prompt.txt","SpriteRenderer","Sprite (2D and UI)","128 PPU","center","Yes","world","Generic hit impact sprite. SpriteRenderer VFX; Coder can scale/fade.","ready_for_generation_review"
"vfx_enemy_death_puff","vfx_enemy_death_puff_active","active","VFX","Assets/Generated/vfx/combat/vfx_enemy_death_puff_active.png","Assets/Generated/vfx/combat/vfx_enemy_death_puff_active.prompt.txt","SpriteRenderer","Sprite (2D and UI)","128 PPU","center","Yes","world","Enemy death puff. SpriteRenderer VFX; not used for P03 explosion.","ready_for_generation_review"
"vfx_possession_tether_flash","vfx_possession_tether_flash_active","active","VFX","Assets/Generated/vfx/possession/vfx_possession_tether_flash_active.png","Assets/Generated/vfx/possession/vfx_possession_tether_flash_active.prompt.txt","SpriteRenderer","Sprite (2D and UI)","128 PPU","center","Yes","world","Possession tether/flash between player and vessel. Can be stretched/rotated by script or used as short flash.","ready_for_generation_review"
"vfx_reward_reveal_sparkle","vfx_reward_reveal_sparkle_active","active","VFX","Assets/Generated/vfx/rewards/vfx_reward_reveal_sparkle_active.png","Assets/Generated/vfx/rewards/vfx_reward_reveal_sparkle_active.prompt.txt","Unity UI Image","Sprite (2D and UI)","Canvas/UI native scaling","center","Yes","ui","Reward reveal sparkle. UI overlay or SpriteRenderer VFX.","ready_for_generation_review"
"vfx_cursed_deal_smoke","vfx_cursed_deal_smoke_active","active","VFX","Assets/Generated/vfx/rewards/vfx_cursed_deal_smoke_active.png","Assets/Generated/vfx/rewards/vfx_cursed_deal_smoke_active.prompt.txt","Unity UI Image","Sprite (2D and UI)","Canvas/UI native scaling","center","Yes","ui","Cursed deal smoke. UI overlay; no readable curse symbols.","ready_for_generation_review"
"vfx_p03_explosion","vfx_p03_explosion_active","active","VFX","Assets/Generated/vfx/p03/vfx_p03_explosion_active.png","Assets/Generated/vfx/p03/vfx_p03_explosion_active.prompt.txt","SpriteRenderer","Sprite (2D and UI)","128 PPU","center","Yes","world","P03 Last Breath damaging possession-exit explosion. Only use for P03; default possession exit must not call this VFX.","ready_for_generation_review"
